"id","site","site2","Ax","Ly","flwCt","flwGone","deerHerb","capsuleCt","fieldNote","nCapsulesHarvested","totalOvules","fullOvules"
"LP1000","beng","beng.hill",690619.227,188864.058,1,1,0,0,"status: 1",NA,NA,NA
"LP1001","beng","beng.hill",690618.56,188862.984,2,1,1,0,"status: DG2",NA,NA,NA
"LP1002","beng","beng.hill",690617.754,188864.015,1,1,1,0,"status: DG1",NA,NA,NA
"LP1003","beng","beng.hill",690617.21,188864.359,1,0,0,0,"status: 1",NA,NA,NA
"LP1004","beng","beng.hill",690620.021,188862.019,1,0,0,0,"status: 1",NA,NA,NA
"LP1005","beng","beng.hill",690621.18,188861.918,1,0,0,0,"status: 1",NA,NA,NA
"LP1006","beng","beng.hill",690621.478,188860.365,3,0,0,0,"status: 3",NA,NA,NA
"LP1007","beng","beng.hill",690622.34,188859.518,1,0,0,0,"status: 1",NA,NA,NA
"LP1008","beng","beng.hill",690620.555,188859.751,1,1,1,0,"status: DG1",NA,NA,NA
"LP1009","beng","beng.hill",690621.545,188859.029,0,1,0,0,"status: A1",NA,NA,NA
"LP101","hegg","hegg.hill",690177.63099185,188546.13139638,1,0,0,0,"status: 1",NA,NA,NA
"LP1010","beng","beng.hill",690622.714,188873.63,1,0,0,0,"status: 1",NA,NA,NA
"LP1011","beng","beng.hill",690631.609,188875.036,2,1,1,0,"status: DG2",NA,NA,NA
"LP1012","beng","beng.hill",690629.813,188879.812,1,0,0,1,"status: 1",1,215,15
"LP1013","beng","beng.hill",690628.265,188880.358,1,0,0,1,"status: 1",NA,NA,NA
"LP1014","beng","beng.hill",690654.404,188879.657,1,0,0,0,"status: 1",NA,NA,NA
"LP1015","beng","beng.hill",690654.539,188880.404,1,1,0,0,"status: CG1",NA,NA,NA
"LP1016","beng","beng.hill",690656.715,188878.859,1,0,0,1,"status: 1",1,386,107
"LP102","hegg","hegg.hill",690187.34438294,188549.5292282,1,1,1,0,"status: 1",NA,NA,NA
"LP103","hegg","hegg.hill",690152.26789672,188521.50196595,1,0,0,0,"status: 1",NA,NA,NA
"LP104","hegg","hegg.hill",690158.82953302,188516.74488243,1,1,0,0,"status: 1",NA,NA,NA
"LP105","hegg","hegg.hill",690166.78613363,188517.54493255,1,1,0,0,"status: 1",NA,NA,NA
"LP106","hegg","hegg.hill",690176.42745491,188500.07517444,1,1,0,0,"status: 1",NA,NA,NA
"LP107","hegg","hegg.hill",690255.76449134,188432.96364423,1,0,0,0,"status: 1",NA,NA,NA
"LP108","hegg","hegg.hill",690257.70073508,188430.1828312,3,1,1,0,"status: 3",NA,NA,NA
"LP109","hegg","hegg.hill",690257.47384795,188429.06449706,1,1,1,0,"status: 1",NA,NA,NA
"LP110","hegg","hegg.hill",690258.07893199,188429.15207796,1,1,1,0,"status: 1",NA,NA,NA
"LP1101","beng","hegg.ne",690749.88,188620.973,1,0,0,1,"status: 1",1,309,59
"LP1102","beng","beng.e",690733.436,188947.012,1,1,1,0,"status: DG1",NA,NA,NA
"LP1103","beng","beng.hill",690621.089,188859.552,1,1,1,0,"status: DG1",NA,NA,NA
"LP1104","beng","beng.hill",690626.082,188855.785,1,1,1,0,"status: DG1",NA,NA,NA
"LP1105","beng","beng.hill",690629.267,188857.102,1,1,1,0,"status: DG1",NA,NA,NA
"LP1106","beng","beng.hill",690562.242,188820.459,1,1,1,0,"status: DG1",NA,NA,NA
"LP1107","beng","beng.hill",690566.115,188800.65,1,0,0,0,"status: 1",NA,NA,NA
"LP1109","beng","beng.hill",690608.482,188913.98,1,0,0,0,"status: 1",NA,NA,NA
"LP111","hegg","hegg.hill",690257.14441537,188428.64688278,1,0,0,0,"status: 1",NA,NA,NA
"LP112","hegg","hegg.hill",690258.25081223,188428.02477651,1,1,0,0,"status: 1",NA,NA,NA
"LP113","hegg","hegg.hill",690258.66538565,188428.95483367,1,1,1,0,"status: 1",NA,NA,NA
"LP114","hegg","hegg.hill",690259.01687665,188429.19055139,1,1,1,0,"status: 1",NA,NA,NA
"LP115","hegg","hegg.hill",690258.37883465,188422.74521287,2,1,1,0,"status: 2",NA,NA,NA
"LP1150","beng","beng.hill",690625.214,188857.068,1,1,1,0,"status: DG1",NA,NA,NA
"LP1151","hegg","hegg.hill",690241.699,188336.822,1,1,1,0,"status: DG1",NA,NA,NA
"LP1152","wrrx","wrrx",682630.57765467,190979.70786905,1,0,0,0,"status: 1",NA,NA,NA
"LP1153","wrrx","wrrx",682631.11158816,190980.09828305,1,0,0,0,"status: 1",NA,NA,NA
"LP1154","hegg","hegg.hill",690292.984,188153.8,1,0,0,0,"status: 1",NA,NA,NA
"LP116","hegg","hegg.hill",690252.38571868,188338.86650432,1,1,0,0,"status: 1",NA,NA,NA
"LP117","hegg","hegg.hill",690254.72886681,188336.87958037,2,1,1,0,"status: 2",NA,NA,NA
"LP118","hegg","hegg.hill",690256.89164822,188335.82941477,1,1,1,0,"status: 1",NA,NA,NA
"LP119","hegg","hegg.hill",690264.61056654,188339.65326728,1,1,1,0,"status: 1",NA,NA,NA
"LP120","hegg","hegg.hill",690264.57338952,188339.92147668,1,0,0,0,"status: 1",NA,NA,NA
"LP1201","hegg","hegg.hill",690172.029,188546.621,1,0,0,0,"status: 1",NA,NA,NA
"LP1202","hegg","hegg.hill",690141.289,188542.749,2,0,0,1,"status: 2",1,464,34
"LP1203","hegg","hegg.hill",690177.029,188520.927,1,1,1,0,"status: DG1",NA,NA,NA
"LP1204","hegg","hegg.hill",690255.36,188429.955,1,0,0,0,"status: 1",NA,NA,NA
"LP1205","hegg","hegg.hill",690256.066,188429.08,1,1,0,0,"status: CG1",NA,NA,NA
"LP1206","hegg","hegg.hill",690259.468,188422.886,2,1,0,0,"status: 2",NA,NA,NA
"LP1207","hegg","hegg.hill",690272.138,188426.09,1,1,1,0,"status: DG1",NA,NA,NA
"LP1208","hegg","hegg.hill",690271.301,188429.55,1,0,0,0,"status: 1",NA,NA,NA
"LP1209","hegg","hegg.hill",690269.998,188431.038,1,1,0,0,"status: CG1",NA,NA,NA
"LP121","hegg","hegg.hill",690256.61694879,188326.82556197,1,1,1,0,"status: 1",NA,NA,NA
"LP1210","hegg","hegg.hill",690269.909,188431.173,1,0,0,0,"status: 1",NA,NA,NA
"LP1211","hegg","hegg.hill",690268.608,188432.645,1,0,0,1,"status: 1",NA,NA,NA
"LP1212","hegg","hegg.hill",690267.614,188432.678,2,1,0,0,"status: 2",NA,NA,NA
"LP1213","hegg","hegg.hill",690265.696,188435.637,1,0,0,0,"status: 1",NA,NA,NA
"LP1214","hegg","hegg.hill",690276.482,188435.139,1,0,0,0,"status: 1",NA,NA,NA
"LP1215","hegg","hegg.hill",690277.21,188447.155,1,1,1,0,"status: DG1",NA,NA,NA
"LP1216","hegg","hegg.hill",690282.219,188448.63,1,1,0,0,"status: G1",NA,NA,NA
"LP1217","hegg","hegg.hill",690281.094,188442.996,1,1,0,0,"status: 1",NA,NA,NA
"LP1218","hegg","hegg.hill",690280.329,188442.114,0,1,0,0,"status: A1",NA,NA,NA
"LP1219","hegg","hegg.hill",690300.619,188446.575,1,0,0,0,"status: 1",NA,NA,NA
"LP122","hegg","hegg.hill",690256.60406827,188326.72534602,1,1,1,0,"status: 1",NA,NA,NA
"LP1220","hegg","hegg.hill",690301.652,188446.551,1,0,0,0,"status: 1",NA,NA,NA
"LP1221","hegg","hegg.hill",690305.61,188439.191,1,0,0,0,"status: 1",NA,NA,NA
"LP1222","hegg","hegg.hill",690313.22,188443.689,3,0,0,0,"status: 2G1",NA,NA,NA
"LP1223","hegg","hegg.hill",690318.821,188442.832,3,1,0,0,"status: 1G2",NA,NA,NA
"LP1224","hegg","hegg.hill",690251.467,188427.404,1,1,0,0,"status: 1",NA,NA,NA
"LP1225","hegg","hegg.hill",690242.816,188405.801,1,1,1,0,"status: DG1",NA,NA,NA
"LP1226","hegg","hegg.hill",690235.651,188403.672,1,1,0,0,"status: CG1",NA,NA,NA
"LP1227","hegg","hegg.hill",690256.945,188375.251,1,1,0,0,"status: 1",NA,NA,NA
"LP1228","hegg","hegg.hill",690255.835,188374.308,2,0,0,0,"status: 1G1",NA,NA,NA
"LP1229","hegg","hegg.hill",690269.802,188361.922,1,1,1,0,"status: DG1",NA,NA,NA
"LP123","hegg","hegg.hill",690239.74994416,188336.02067255,1,1,0,0,"status: 1",NA,NA,NA
"LP124","hegg","hegg.hill",690266.17597161,188359.27592506,1,1,0,0,"status: 1",NA,NA,NA
"LP125","hegg","hegg.ne",690732.78792824,188597.59032087,1,1,1,0,"status: 1",NA,NA,NA
"LP126","hegg","hegg.ne",690752.98229827,188568.22663991,2,0,0,1,"status: 2",1,351,28
"LP127","hegg","hegg.ne",690752.1455139,188561.20554858,1,0,0,0,"status: 1",NA,NA,NA
"LP128","wrrx","wrrx",682631.63515682,190979.3297656,1,0,0,1,"status: 1",1,281,184
"LP1288","sppe","spp.ne",683719.45597889,191875.53844391,1,0,0,1,"status: 1",1,199,12
"LP129","wrrx","wrrx",682633.4530158,190978.42822144,1,1,0,0,"status: 1",NA,NA,NA
"LP1297","beng","beng.hill",690618.561,188863.46,1,0,0,1,"status: 1",NA,NA,NA
"LP1298","beng","beng.hill",690638.039,188860.939,1,0,0,1,"status: 1",1,161,18
"LP1299","beng","beng.hill",690601.772,188890.753,1,0,0,1,"status: 1",1,98,22
"LP130","wrrx","wrrx",682632.24120876,190982.29250148,1,0,0,0,"status: 1",NA,NA,NA
"LP131","wrrx","wrrx",682631.76786214,190981.20410842,1,1,0,0,"status: 1",NA,NA,NA
"LP132","wrrx","wrrx",682628.83540104,190980.94277986,1,0,0,1,"status: 1",1,141,54
"LP133","wrrx","wrrx",682629.15955625,190980.47980508,1,0,0,0,"status: 1",NA,NA,NA
"LP134","wrrx","wrrx",682628.82026545,190979.63615945,1,0,0,0,"status: 1",NA,NA,NA
"LP135","sppe","spp.ne",683766.12672763,191948.62386452,1,0,0,1,"status: 1",1,400,130
"LP136","sppe","spp.ne",683730.48175987,191923.32417769,2,0,0,2,"status: 2",2,777,178
"LP137","sppe","spp.ne",683720.03159394,191944.95963878,1,0,0,1,"status: 1",1,353,155
"LP138","sppe","spp.ne",683721.79940859,191945.62192073,2,0,0,2,"status: 2",NA,NA,NA
"LP139","sppe","spp.ne",683726.05936228,191941.7486314,1,0,0,1,"status: 1",1,313,189
"LP140","sppe","spp.ne",683726.80290651,191941.93799583,1,0,0,1,"status: 1",1,255,148
"LP141","sppe","spp.ne",683728.66587216,191941.49605834,1,0,0,0,"status: 1",NA,NA,NA
"LP142","sppe","spp.ne",683729.7376272,191942.10615927,1,1,1,0,"status: 1",NA,NA,NA
"LP143","sppe","spp.ne",683729.98700879,191944.47065072,1,0,0,1,"status: 1",NA,NA,NA
"LP144","sppe","spp.ne",683733.27366215,191941.37307355,1,0,0,1,"status: 1",1,508,77
"LP145","sppe","spp.ne",683735.55146383,191944.50613432,4,0,0,4,"status: 4",3,1415,640
"LP146","sppe","spp.ne",683737.09998008,191940.81320548,1,0,0,1,"status: 1",1,281,134
"LP147","sppe","spp.ne",683737.51034355,191940.36789138,1,0,0,1,"status: 1",1,404,188
"LP148","sppe","spp.ne",683737.75146781,191940.2376782,1,0,0,1,"status: 1A1",NA,NA,NA
"LP149","sppe","spp.ne",683737.11353487,191938.03450976,1,0,0,1,"status: 1",1,294,121
"LP150","sppe","spp.ne",683735.66988864,191935.68786892,1,0,0,1,"status: 1",NA,NA,NA
"LP151","sppe","spp.ne",683739.27504237,191937.9568211,1,1,1,0,"status: 1",NA,NA,NA
"LP152","sppe","spp.ne",683740.1260363,191937.80416948,1,1,1,0,"status: 1",NA,NA,NA
"LP153","sppe","spp.ne",683747.34239924,191937.71714286,1,1,1,0,"status: 1",NA,NA,NA
"LP154","sppe","spp.ne",683746.58626127,191926.42061336,1,0,0,1,"status: 1",1,268,138
"LP155","sppe","spp.ne",683741.77516257,191931.77275891,1,0,0,1,"status: 1",1,259,124
"LP156","sppe","spp.ne",683709.83660397,191917.10377357,3,0,0,3,"status: 3",3,1359,411
"LP157","sppe","spp.ne",683709.57660399,191916.97961259,1,0,1,0,"status: 1",NA,NA,NA
"LP158","sppe","spp.ne",683709.28519076,191917.15644894,1,0,1,0,"status: 1",NA,NA,NA
"LP159","sppe","spp.ne",683696.76068494,191929.51068138,1,0,0,0,"status: 1",NA,NA,NA
"LP160","sppe","spp.ne",683696.64639125,191928.64692467,1,0,0,1,"status: 1",1,350,163
"LP161","sppe","spp.ne",683695.7686498,191928.96337972,1,1,1,0,"status: 1",NA,NA,NA
"LP162","sppe","spp.ne",683696.70275985,191929.24676428,1,0,0,1,"status: 1",1,295,169
"LP163","sppe","spp.ne",683696.06366203,191929.59300741,1,0,0,1,"status: 1",1,375,253
"LP164","sppe","spp.ne",683695.45343198,191930.42813341,1,0,0,1,"status: 1",1,312,112
"LP165","sppe","spp.ne",683694.94491435,191931.10272468,1,1,1,0,"status: 1",NA,NA,NA
"LP166","sppe","spp.ne",683690.98064425,191933.71176593,1,1,0,0,"status: 1",NA,NA,NA
"LP167","sppe","spp.ne",683668.581587,191941.4233874,1,1,1,0,"status: 1",NA,NA,NA
"LP168","sppe","spp.ne",683662.58260585,191944.49153794,2,0,0,2,"status: 2",2,648,200
"LP169","sppe","spp.ne",683657.85448818,191947.92811705,1,1,0,0,"status: 1",NA,NA,NA
"LP170","sppe","spp.ne",683651.60882823,191945.70296179,1,0,0,1,"status: 1",1,423,321
"LP171","sppe","spp.ne",683653.81944352,191943.49984272,3,1,0,1,"status: 3",1,234,79
"LP172","sppe","spp.ne",683655.32869458,191942.36904511,1,1,1,0,"status: 1",NA,NA,NA
"LP173","sppe","spp.ne",683655.7210033,191942.26804125,3,0,1,0,"status: 3",NA,NA,NA
"LP174","sppe","spp.se",683740.54265388,191777.68442614,1,0,0,0,"status: 1",NA,NA,NA
"LP175","sppe","spp.ne",683697.10049947,191930.42433152,1,1,1,0,"status: 1",NA,NA,NA
"LP176","sppe","spp.ne",683669.95075337,191940.17198591,1,0,1,0,"status: 1",NA,NA,NA
"LP177","sppw","spp.nw",683327.77333642,191859.48899767,1,1,1,0,"status: 1",NA,NA,NA
"LP178","sppw","spp.nw",683325.09320777,191857.1625904,1,1,1,0,"status: 1",NA,NA,NA
"LP179","sppw","spp.nw",683325.83706044,191856.52315281,1,0,0,0,"status: 1",NA,NA,NA
"LP180","sppw","spp.nw",683322.31258763,191858.0254162,1,1,1,0,"status: 1",NA,NA,NA
"LP181","sppw","spp.nw",683317.89821939,191854.70580447,1,1,1,0,"status: 1",NA,NA,NA
"LP182","sppw","spp.nw",683322.03546131,191856.20440541,1,1,1,0,"status: 1",NA,NA,NA
"LP183","sppw","spp.nw",683321.98214406,191855.88113666,1,0,0,0,"status: 1",NA,NA,NA
"LP184","sppw","spp.nw",683322.05557264,191854.6495517,1,1,1,0,"status: 1",NA,NA,NA
"LP185","sppw","spp.nw",683322.57455251,191855.19596431,1,0,0,0,"status: 1",NA,NA,NA
"LP186","sppw","spp.nw",683320.24516665,191850.69545957,1,0,0,0,"status: 1",NA,NA,NA
"LP187","sppw","spp.nw",683318.90715787,191850.81433637,1,0,0,0,"status: 1",NA,NA,NA
"LP188","sppw","spp.nw",683311.97990564,191853.50688417,1,0,0,0,"status: 1",NA,NA,NA
"LP189","sppw","spp.nw",683311.61503821,191848.16319976,1,1,0,0,"status: 1",NA,NA,NA
"LP190","sppw","spp.nw",683310.46207133,191848.57452031,1,1,1,0,"status: 1",NA,NA,NA
"LP191","sppw","spp.nw",683308.15267924,191848.55602269,1,1,1,0,"status: 1",NA,NA,NA
"LP192","sppw","spp.nw",683308.01153412,191848.09304798,1,1,0,0,"status: 1",NA,NA,NA
"LP193","sppw","spp.nw",683309.58055108,191847.4163725,1,1,1,0,"status: 1",NA,NA,NA
"LP194","sppw","spp.nw",683312.50110432,191844.14134868,1,1,1,0,"status: 1",NA,NA,NA
"LP195","sppw","spp.nw",683310.72354919,191843.54524175,1,1,1,0,"status: 1",NA,NA,NA
"LP196","sppw","spp.nw",683307.86510506,191840.32109125,1,1,1,0,"status: 1",NA,NA,NA
"LP197","sppw","spp.nw",683305.93009183,191841.17365824,0,1,1,0,"status: A1",NA,NA,NA
"LP198","sppw","spp.nw",683303.98168814,191842.65431714,1,1,1,0,"status: 1",NA,NA,NA
"LP199","sppw","spp.nw",683304.17364248,191840.95224373,1,1,1,0,"status: 1",NA,NA,NA
"LP200","sppw","spp.nw",683303.38181069,191840.74264735,1,1,1,0,"status: 1",NA,NA,NA
"LP201","sppw","spp.nw",683307.25618418,191835.44036772,1,0,0,0,"status: 1",NA,NA,NA
"LP202","sppw","spp.nw",683299.79203521,191830.6820565,1,1,1,0,"status: 1",NA,NA,NA
"LP203","sppw","spp.nw",683295.85571291,191846.13807277,1,1,1,0,"status: 1",NA,NA,NA
"LP204","sppw","spp.nw",683288.95701503,191852.31311964,1,0,0,0,"status: 1",NA,NA,NA
"LP205","sppw","spp.nw",683301.55067084,191838.15685393,1,1,0,0,"status: 1",NA,NA,NA
"LP206","sppw","spp.nw",683193.27297537,191764.53159631,2,0,0,2,"status: 2",2,886,381
"LP207","sppw","spp.sw",683150.65401355,191676.74753303,1,0,0,0,"status: 1",NA,NA,NA
"LP208","sppw","spp.sw",683114.81142958,191630.00317997,3,0,0,0,"status: 3",NA,NA,NA
"LP209","sppw","spp.sw",683121.65425257,191601.37411163,1,0,0,0,"status: 1",NA,NA,NA
"LP210","sppw","spp.sw",683123.47442563,191596.54227947,1,0,0,1,"status: 1",1,323,235
"LP211","sppw","spp.sw",683120.07294104,191597.17315295,2,0,0,0,"status: 2",NA,NA,NA
"LP212","sppw","spp.sw",683110.85747088,191593.19644245,2,0,0,0,"status: 2",NA,NA,NA
"LP213","sppw","spp.sw",683038.74031939,191616.30014594,1,0,0,0,"status: 1",NA,NA,NA
"LP214","sppw","spp.sw",683034.64431018,191606.93149085,1,0,0,1,"status: 1",NA,NA,NA
"LP215","sppw","spp.sw",683038.01212652,191606.80525404,1,0,0,1,"status: 1",1,141,55
"LP216","sppw","spp.nw",683118.32266247,191761.09743443,1,0,0,0,"status: 1",NA,NA,NA
"LP217","sppw","spp.nw",683132.65321742,191809.11005133,1,0,0,1,"status: 1",NA,NA,NA
"LP218","sppw","spp.nw",683141.37588717,191838.78383082,1,1,0,0,"status: 1",NA,NA,NA
"LP219","sppw","spp.nw",683141.40460967,191839.89686293,1,1,1,0,"status: 1",NA,NA,NA
"LP220","sppw","spp.nw",683142.11406179,191841.35904907,1,1,1,0,"status: 1",NA,NA,NA
"LP221","sppw","spp.nw",683128.24852559,191981.17404299,2,1,1,0,"status: 2",NA,NA,NA
"LP222","sppw","spp.nw",683128.56035121,191981.32610503,3,1,1,0,"status: 3",NA,NA,NA
"LP223","sppw","spp.nw",683120.2912911,191993.35298062,1,0,0,0,"status: 1",NA,NA,NA
"LP224","sppw","spp.nw",683146.91500198,191989.66706098,1,1,1,0,"status: 1",NA,NA,NA
"LP225","hegg","hegg.hill",690148.17476127,188611.21915696,1,0,0,0,"status: 1",NA,NA,NA
"LP226","hegg","hegg.hill",690148.57142323,188610.54686721,1,0,0,0,"status: 1",NA,NA,NA
"LP227","hegg","hegg.hill",690150.14489359,188612.24073877,1,0,0,0,"status: 1",NA,NA,NA
"LP228","hegg","hegg.hill",690151.34959462,188611.25457098,1,0,0,0,"status: 1",NA,NA,NA
"LP229","hegg","hegg.hill",690156.85002863,188610.1596031,1,0,0,0,"status: 1",NA,NA,NA
"LP230","hegg","hegg.hill",690159.19136082,188595.46586276,2,1,1,0,"status: 2",NA,NA,NA
"LP231","hegg","hegg.hill",690178.58919856,188551.95196789,1,1,1,0,"status: 1",NA,NA,NA
"LP232","hegg","hegg.hill",690182.78758479,188568.77880324,1,1,0,0,"status: 1",NA,NA,NA
"LP233","hegg","hegg.hill",690152.80951098,188528.64793262,1,1,0,0,"status: 1",NA,NA,NA
"LP234","hegg","hegg.hill",690151.12889362,188529.42822257,1,0,0,0,"status: 1",NA,NA,NA
"LP235","hegg","hegg.hill",690169.24496728,188518.90803077,1,1,0,0,"status: 1",NA,NA,NA
"LP236","hegg","hegg.hill",690180.69558837,188520.5561079,1,0,0,0,"status: 1",NA,NA,NA
"LP237","hegg","hegg.hill",690183.73132222,188560.58090262,1,0,0,1,"status: 1",1,368,52
"LP238","beng","hegg.ne",690750.27059248,188621.74945163,1,0,0,0,"status: 1",NA,NA,NA
"LP239","hegg","hegg.ne",690746.52677266,188583.17726656,1,0,0,0,"status: 1",NA,NA,NA
"LP240","hegg","hegg.ne",690747.44442185,188582.83721438,1,0,0,0,"status: 1",NA,NA,NA
"LP241","hegg","hegg.ne",690750.97805664,188575.32004675,1,0,0,0,"status: 1",NA,NA,NA
"LP242","hegg","hegg.ne",690750.55550744,188565.4625302,1,1,1,0,"status: 1",NA,NA,NA
"LP243","beng","hegg.hill",689970.518,188619.173,1,0,0,0,"status: 1",NA,NA,NA
"LP244","hegg","hegg.hill",690147.077,188611.071,1,1,0,0,"status: 1",NA,NA,NA
"LP245","beng","beng.e",690758.215,188818.215,2,1,0,0,"status: 2",NA,NA,NA
"LP246","beng","beng.e",690758.109,188818.182,1,1,0,0,"status: 1",NA,NA,NA
"LP247","beng","beng.e",690757.365,188818.317,1,1,0,0,"status: 1",NA,NA,NA
"LP248","beng","beng.e",690755.35,188827.234,1,1,0,0,"status: 1",NA,NA,NA
"LP249","beng","beng.e",690754.65,188828.207,1,0,0,0,"status: 1",NA,NA,NA
"LP250","beng","beng.e",690754.428,188828.778,1,0,0,0,"status: 1",NA,NA,NA
"LP251","beng","beng.e",690753.909,188830.451,1,0,0,0,"status: 1",NA,NA,NA
"LP252","beng","beng.e",690756.406,188830.95,1,1,0,0,"status: 1",NA,NA,NA
"LP253","beng","beng.e",690757.324,188832.101,1,0,0,0,"status: 1",NA,NA,NA
"LP254","beng","beng.e",690758.921,188833.111,1,0,0,0,"status: 1",NA,NA,NA
"LP255","beng","beng.e",690755.568,188836.016,1,0,0,0,"status: 1",NA,NA,NA
"LP256","beng","beng.e",690755.729,188839.235,1,0,0,1,"status: 1",1,173,11
"LP257","beng","beng.e",690757.211,188840.775,1,0,0,0,"status: 1",NA,NA,NA
"LP258","beng","beng.e",690757.817,188841.218,1,0,0,0,"status: 1",NA,NA,NA
"LP259","beng","beng.e",690758.383,188841.127,1,0,0,1,"status: 1",NA,NA,NA
"LP262","lf","lf.s",683167.803,194308.229,1,0,0,0,"status: 1",NA,NA,NA
"LP263","lf","lf.s",683172.555,194304.241,1,0,0,0,"status: 1",NA,NA,NA
"LP265","sppe","spp.ne",683730.842,191943.719,1,0,0,1,"status: 1",NA,NA,NA
"LP266","sppe","spp.ne",683728.913,191942.925,1,0,0,1,"status: 1",NA,NA,NA
"LP267","sppe","spp.ne",683729.082,191942.277,1,0,0,1,"status: 1",NA,NA,NA
"LP268","sppe","spp.ne",683722.281,191945.372,1,0,0,1,"status: 1",NA,NA,NA
"LP269","sppe","spp.ne",683720.637,191945.141,1,0,0,1,"status: 1",NA,NA,NA
"LP270","sppe","spp.ne",683728.057,191948.786,1,0,0,1,"status: 1",NA,NA,NA
"LP271","sppe","spp.ne",683695.786,191931.426,1,0,0,1,"status: 1",1,123,16
"LP272","sppe","spp.ne",683664.657,191938.21,3,1,0,0,"status: 3",NA,NA,NA
"LP273","sppe","spp.ne",683654.69,191939.032,2,0,1,0,"status: 2",NA,NA,NA
"LP274","sppe","spp.ne",683654.57,191943.983,1,1,1,0,"status: 1",NA,NA,NA
"LP275","sppe","spp.ne",683650.118,191946.602,1,1,0,0,"status: 1",NA,NA,NA
"LP276","sppe","spp.ne",683649.432,191947.754,1,1,1,0,"status: 1",NA,NA,NA
"LP277","sppw","spp.nw",683405.46,191981.882,3,0,0,2,"status: 3",NA,NA,NA
"LP278","sppw","spp.nw",683400.432,191984.885,1,0,0,1,"status: 1",1,422,243
"LP279","sppw","spp.nw",683400.302,191988.743,1,0,0,1,"status: 1",1,304,89
"LP280","sppw","spp.nw",683403.003,191989.425,1,0,0,1,"status: 1",1,372,117
"LP281","sppw","spp.nw",683403.508,191989.557,1,0,0,1,"status: 1",1,320,182
"LP282","sppw","spp.nw",683403.569,191989.233,1,0,0,0,"status: 1",NA,NA,NA
"LP283","sppw","spp.nw",683402.46,191992.495,1,1,0,0,"status: 1",NA,NA,NA
"LP284","sppw","spp.nw",683401.981,191992.455,1,1,1,0,"status: 1",NA,NA,NA
"LP285","sppw","spp.nw",683400.917,191991.353,1,0,0,1,"status: 1",NA,NA,NA
"LP286","sppw","spp.nw",683401.285,191992.948,1,1,0,0,"status: 1",NA,NA,NA
"LP287","sppw","spp.nw",683398.515,191989.311,1,0,0,1,"status: 1",1,297,95
"LP288","sppw","spp.nw",683398.435,191990.845,1,0,0,1,"status: 1",NA,NA,NA
"LP289","sppw","spp.nw",683398.183,191997.337,2,0,0,1,"status: 2",NA,NA,NA
"LP290","sppw","spp.nw",683391.832,191999.338,1,1,1,0,"status: 1",NA,NA,NA
"LP291","sppw","spp.nw",683389.896,192001.63,1,0,0,0,"status: 1",NA,NA,NA
"LP292","sppw","spp.nw",683388.501,192000.648,1,0,0,1,"status: 1",NA,NA,NA
"LP293","sppw","spp.nw",683394.616,191989.517,1,1,1,0,"status: 1",NA,NA,NA
"LP294","sppw","spp.nw",683396.39,191985.477,1,0,0,1,"status: 1",1,467,241
"LP295","sppw","spp.nw",683393.061,191984.822,1,0,0,1,"status: 1",NA,NA,NA
"LP296","sppw","spp.nw",683393.211,191985.594,1,1,1,0,"status: 1",NA,NA,NA
"LP297","sppw","spp.nw",683382.819,191992.769,1,1,1,0,"status: 1",NA,NA,NA
"LP298","sppw","spp.nw",683385.644,191995.853,1,1,0,0,"status: 1",NA,NA,NA
"LP299","sppw","spp.nw",683383.338,191995.847,1,1,0,0,"status: 1",NA,NA,NA
"LP300","sppw","spp.nw",683383.822,191997.14,1,0,0,1,"status: 1",NA,NA,NA
"LP301","sppw","spp.nw",683383.407,191997.706,1,0,0,1,"status: 1",1,249,226
"LP302","sppw","spp.nw",683383.074,191997.145,1,0,0,0,"status: 1",NA,NA,NA
"LP303","sppw","spp.nw",683382.162,191997.109,1,0,0,1,"status: 1",1,323,253
"LP304","sppw","spp.nw",683382.9,191998.682,1,0,0,0,"status: 1",NA,NA,NA
"LP305","sppw","spp.nw",683382.583,191999.118,1,0,0,0,"status: 1",NA,NA,NA
"LP306","sppw","spp.nw",683384.074,191998.82,1,1,0,0,"status: 1",NA,NA,NA
"LP307","sppw","spp.nw",683383.52,191998.818,1,1,1,0,"status: 1",NA,NA,NA
"LP308","sppw","spp.nw",683381.439,191997.611,1,0,0,1,"status: 1",NA,NA,NA
"LP309","sppw","spp.nw",683381.359,191998.07,1,0,0,0,"status: 1",NA,NA,NA
"LP310","sppw","spp.nw",683380.466,191998.246,1,1,1,0,"status: 1",NA,NA,NA
"LP311","sppw","spp.nw",683379.612,191997.827,1,0,0,1,"status: 1",NA,NA,NA
"LP312","sppw","spp.nw",683378.688,191998.423,1,1,0,0,"status: 1",NA,NA,NA
"LP313","sppw","spp.nw",683378.955,192000.228,1,1,0,0,"status: 1",NA,NA,NA
"LP314","sppw","spp.nw",683380.502,191999.856,1,1,1,0,"status: 1",NA,NA,NA
"LP315","sppw","spp.nw",683381.113,192000.406,1,0,0,1,"status: 1",1,342,140
"LP316","sppw","spp.nw",683381.699,192000.989,1,0,0,1,"status: 1",NA,NA,NA
"LP317","sppw","spp.nw",683380.658,192000.543,1,1,0,3,"status: 1",NA,NA,NA
"LP318","sppw","spp.nw",683380.48,192000.913,1,1,1,0,"status: 1",NA,NA,NA
"LP319","sppw","spp.nw",683380.435,192001.126,1,1,1,0,"status: 1",NA,NA,NA
"LP320","sppw","spp.nw",683380.282,192001.163,2,0,0,2,"status: 2",2,622,376
"LP321","sppw","spp.nw",683377.018,192000.73,1,0,0,0,"status: 1",NA,NA,NA
"LP322","sppw","spp.nw",683376.367,192001.179,1,1,0,0,"status: 1",NA,NA,NA
"LP323","sppw","spp.nw",683374.886,192002.086,1,1,1,0,"status: 1",NA,NA,NA
"LP324","sppw","spp.nw",683374.666,191998.029,1,1,1,0,"status: 1",NA,NA,NA
"LP325","sppw","spp.nw",683368.588,192016.409,1,1,0,0,"status: 1",NA,NA,NA
"LP326","sppw","spp.nw",683374.653,192012.663,1,0,0,0,"status: 1",NA,NA,NA
"LP327","sppw","spp.nw",683379.037,192012.091,1,1,1,0,"status: 1",NA,NA,NA
"LP328","sppw","spp.nw",683385.865,192013.019,2,0,0,1,"status: 2",NA,NA,NA
"LP329","sppw","spp.nw",683396.95,192011.839,1,0,0,1,"status: 1",1,299,68
"LP330","sppw","spp.nw",683400.06,192008.863,1,0,0,1,"status: 1",1,362,224
"LP331","sppw","spp.nw",683401.451,192012.698,1,0,0,0,"status: 1",NA,NA,NA
"LP332","sppw","spp.nw",683400.92,192013.736,1,0,0,0,"status: 1",NA,NA,NA
"LP333","sppw","spp.nw",683399.824,192014.086,1,1,0,0,"status: 1",NA,NA,NA
"LP334","sppw","spp.nw",683399.579,192013.982,2,1,1,0,"status: 2",NA,NA,NA
"LP335","sppw","spp.nw",683402.714,192012.845,1,0,0,0,"status: 1",NA,NA,NA
"LP336","sppw","spp.nw",683402.596,192012.891,1,1,0,0,"status: 1",NA,NA,NA
"LP337","sppw","spp.nw",683402.748,192012.876,1,0,0,0,"status: 1",NA,NA,NA
"LP338","sppw","spp.nw",683403.225,192012.868,1,0,1,0,"status: 1",NA,NA,NA
"LP339","sppw","spp.nw",683402.127,192013.401,1,1,0,0,"status: 1",NA,NA,NA
"LP340","sppw","spp.nw",683403.662,192012.057,1,0,0,0,"status: 1",NA,NA,NA
"LP341","sppw","spp.nw",683404.083,192012.216,1,1,0,0,"status: 1",NA,NA,NA
"LP342","sppw","spp.nw",683405.699,192010.754,1,1,0,0,"status: 1",NA,NA,NA
"LP343","sppw","spp.nw",683407.892,192010.762,1,1,1,0,"status: 1",NA,NA,NA
"LP344","sppw","spp.nw",683384.47,191991.483,1,0,0,1,"status: 1",1,192,69
"LP345","sppw","spp.nw",683378.35,191994.355,1,1,1,0,"status: 1",NA,NA,NA
"LP346","sppw","spp.nw",683378.501,191994.288,1,0,0,0,"status: 1",NA,NA,NA
"LP347","sppw","spp.nw",683378.233,191995.189,1,0,0,1,"status: 1",NA,NA,NA
"LP348","sppw","spp.nw",683377.259,191994.853,1,0,0,0,"status: 1",NA,NA,NA
"LP349","sppw","spp.nw",683377.778,191996.012,1,1,1,0,"status: 1",NA,NA,NA
"LP350","sppw","spp.nw",683378.45,191995.975,1,1,1,0,"status: 1",NA,NA,NA
"LP351","sppw","spp.nw",683378.295,191996.217,1,0,0,0,"status: 1",NA,NA,NA
"LP352","sppw","spp.nw",683379.226,191995.602,1,1,1,0,"status: 1",NA,NA,NA
"LP353","sppw","spp.nw",683379.328,191995.604,1,1,1,0,"status: 1",NA,NA,NA
"LP354","sppw","spp.nw",683355.279,191971.766,1,0,1,0,"status: 1",NA,NA,NA
"LP355","sppw","spp.nw",683355.56,191970.805,1,0,0,0,"status: 1",NA,NA,NA
"LP356","sppw","spp.nw",683354.893,191969.266,1,1,1,0,"status: 1",NA,NA,NA
"LP357","sppw","spp.nw",683354.444,191970.206,1,1,1,0,"status: 1",NA,NA,NA
"LP358","sppw","spp.nw",683352.711,191971.399,1,1,1,0,"status: 1",NA,NA,NA
"LP359","sppw","spp.nw",683351.977,191969.786,1,0,1,0,"status: 1",NA,NA,NA
"LP360","sppw","spp.nw",683356.935,191960.055,1,1,0,0,"status: 1",NA,NA,NA
"LP361","sppw","spp.nw",683356.878,191953.704,1,1,0,0,"status: 1",NA,NA,NA
"LP362","sppw","spp.nw",683354.827,191951.898,1,1,1,0,"status: 1",NA,NA,NA
"LP363","sppw","spp.nw",683348.608,191972.646,1,1,0,0,"status: 1",NA,NA,NA
"LP364","sppw","spp.nw",683349.818,191979.15,1,0,0,1,"status: 1",1,256,30
"LP365","sppw","spp.nw",683347.466,191978.723,1,0,0,0,"status: 1",NA,NA,NA
"LP366","sppw","spp.nw",683346.703,191979.108,1,1,0,0,"status: 1",NA,NA,NA
"LP367","sppw","spp.nw",683346.609,191979.235,1,0,0,0,"status: 1",NA,NA,NA
"LP368","sppw","spp.nw",683346.153,191979.261,1,0,0,0,"status: 1",NA,NA,NA
"LP369","sppw","spp.nw",683344.104,191977.68,1,1,1,0,"status: 1",NA,NA,NA
"LP370","sppw","spp.nw",683339.803,191981.38,1,1,1,0,"status: 1",NA,NA,NA
"LP371","sppw","spp.nw",683338.788,191981.993,1,1,0,0,"status: 1",NA,NA,NA
"LP372","sppw","spp.nw",683340.376,191983.132,1,1,1,0,"status: 1",NA,NA,NA
"LP373","sppw","spp.nw",683331.21,191956.384,2,1,0,0,"status: 2",NA,NA,NA
"LP374","sppw","spp.nw",683295.438,191989.44,1,1,1,0,"status: 1",NA,NA,NA
"LP375","sppw","spp.nw",683292.177,191992.211,3,1,0,0,"status: 3",NA,NA,NA
"LP376","sppw","spp.nw",683283.367,191996.774,1,0,0,1,"status: 1",1,419,124
"LP377","sppw","spp.nw",683286.771,191992.33,1,0,0,0,"status: 1",NA,NA,NA
"LP378","sppw","spp.nw",683287.42,191989.484,1,0,0,0,"status: 1",NA,NA,NA
"LP379","sppw","spp.nw",683288.222,191988.663,1,0,0,0,"status: 1",NA,NA,NA
"LP380","sppw","spp.nw",683286.275,191986.922,1,1,1,0,"status: 1",NA,NA,NA
"LP381","sppw","spp.nw",683288.39,191983.838,1,1,1,0,"status: 1",NA,NA,NA
"LP382","sppw","spp.nw",683288.372,191983.395,1,1,0,0,"status: 1",NA,NA,NA
"LP383","sppw","spp.nw",683284.53,191981.904,1,0,0,0,"status: 1",NA,NA,NA
"LP384","sppw","spp.nw",683284.398,191981.879,1,0,0,0,"status: 1",NA,NA,NA
"LP385","sppw","spp.nw",683280.217,191984.548,1,0,0,0,"status: 1",NA,NA,NA
"LP386","sppw","spp.nw",683282.413,191978.456,1,0,0,1,"status: 1",NA,NA,NA
"LP387","sppw","spp.nw",683282.206,191975.03,1,1,1,0,"status: 1",NA,NA,NA
"LP388","sppw","spp.nw",683278.014,191963.121,1,0,0,0,"status: 1",NA,NA,NA
"LP389","sppw","spp.nw",683268.68,191985.552,1,0,0,0,"status: 1",NA,NA,NA
"LP390","sppw","spp.nw",683266.882,191988.315,1,0,0,1,"status: 1",NA,NA,NA
"LP391","sppw","spp.nw",683241.519,191979.809,1,0,0,0,"status: 1",NA,NA,NA
"LP392","sppw","spp.nw",683220.286,191965.41,2,0,0,0,"status: 2",NA,NA,NA
"LP393","sppw","spp.nw",683206.012,191932.069,1,0,0,0,"status: 1",NA,NA,NA
"LP394","sppw","spp.nw",683206.662,191928.969,1,0,0,0,"status: 1",NA,NA,NA
"LP395","sppw","spp.nw",683207.835,191916.929,2,1,1,0,"status: 2",NA,NA,NA
"LP396","sppw","spp.nw",683215.078,191923.514,1,1,1,0,"status: 1",NA,NA,NA
"LP397","sppw","spp.nw",683219.22,191920.933,1,1,1,0,"status: 1",NA,NA,NA
"LP398","sppw","spp.nw",683220.473,191921.639,1,1,1,0,"status: 1",NA,NA,NA
"LP399","sppw","spp.nw",683249.213,191948.431,1,1,1,0,"status: 1",NA,NA,NA
"LP400","sppw","spp.nw",683251.653,191949.219,1,1,1,0,"status: 1",NA,NA,NA
"LP401","sppw","spp.nw",683351.961,191961.151,1,0,0,1,"status: 1",1,109,56
"LP402","sppw","spp.nw",683299.87,191818.939,1,1,1,0,"status: 1",NA,NA,NA
"LP403","sppw","spp.nw",683301.678,191818.587,1,0,0,0,"status: 1",NA,NA,NA
"LP404","sppw","spp.nw",683303.065,191816.487,2,0,0,0,"status: 2",NA,NA,NA
"LP405","sppw","spp.nw",683303.497,191816.754,1,1,1,0,"status: 1",NA,NA,NA
"LP406","sppw","spp.nw",683303.254,191815.922,2,1,0,0,"status: 2",NA,NA,NA
"LP407","sppw","spp.nw",683307.901,191818.051,1,0,0,0,"status: 1",NA,NA,NA
"LP408","sppw","spp.nw",683311.565,191815.74,2,1,1,0,"status: 2",NA,NA,NA
"LP409","sppw","spp.nw",683312.716,191816.761,1,1,1,0,"status: 1",NA,NA,NA
"LP410","sppw","spp.nw",683313.525,191816.081,1,0,0,1,"status: 1",1,197,28
"LP411","sppw","spp.nw",683341.365,191796.632,1,0,0,1,"status: 1",1,413,128
"LP412","sppw","spp.nw",683341.854,191793.099,1,0,0,0,"status: 1",NA,NA,NA
"LP413","sppw","spp.nw",683352.465,191795.778,1,0,0,1,"status: 1",1,373,169
"LP414","sppw","spp.nw",683353.811,191796.103,1,0,0,0,"status: 1",NA,NA,NA
"LP415","sppw","spp.nw",683308.573,191825.749,1,0,0,0,"status: 1",NA,NA,NA
"LP416","sppw","spp.nw",683309.903,191825.217,1,0,0,0,"status: 1",NA,NA,NA
"LP417","sppw","spp.nw",683306.739,191831.331,1,0,0,0,"status: 1",NA,NA,NA
"LP418","sppw","spp.nw",683299.27,191831.079,1,1,1,0,"status: 1",NA,NA,NA
"LP419","sppw","spp.nw",683299.601,191831.233,1,0,0,0,"status: 1",NA,NA,NA
"LP420","sppw","spp.nw",683312.312,191846.227,2,1,1,0,"status: 2",NA,NA,NA
"LP421","sppw","spp.nw",683309.766,191848.501,1,0,0,0,"status: 1",NA,NA,NA
"LP422","sppw","spp.nw",683310.01,191848.862,1,1,0,0,"status: 1",NA,NA,NA
"LP423","sppw","spp.nw",683311.577,191849.829,1,1,1,0,"status: 1",NA,NA,NA
"LP424","sppw","spp.nw",683312.751,191849.556,1,0,0,1,"status: 1",1,261,136
"LP425","sppw","spp.nw",683316.022,191847.809,1,0,0,0,"status: 1",NA,NA,NA
"LP426","sppw","spp.nw",683316.493,191852.083,1,1,1,0,"status: 1",NA,NA,NA
"LP427","sppw","spp.nw",683213.412,191909.152,1,1,1,0,"status: 1",NA,NA,NA
"LP428","sppw","spp.nw",683211.218,191908.964,1,1,1,0,"status: 1",NA,NA,NA
"LP429","sppw","spp.nw",683211.215,191911.787,1,1,1,0,"status: 1",NA,NA,NA
"LP430","sppw","spp.nw",683210.232,191912.405,1,1,1,0,"status: 1",NA,NA,NA
"LP431","sppw","spp.nw",683209.176,191909.986,1,1,1,0,"status: 1",NA,NA,NA
"LP432","sppw","spp.nw",683206.892,191915.609,1,1,1,0,"status: 1",NA,NA,NA
"LP433","sppw","spp.nw",683206.799,191915.578,1,1,1,0,"status: 1",NA,NA,NA
"LP434","sppw","spp.nw",683207.74,191907.61,1,1,1,0,"status: 1",NA,NA,NA
"LP435","sppw","spp.nw",683210.497,191907.58,1,1,1,0,"status: 1",NA,NA,NA
"LP436","sppw","spp.nw",683211.943,191904.793,1,1,1,0,"status: 1",NA,NA,NA
"LP437","sppw","spp.nw",683204.017,191902.45,1,1,1,0,"status: 1",NA,NA,NA
"LP438","sppw","spp.nw",683190.298,191906.639,1,1,1,0,"status: 1",NA,NA,NA
"LP439","sppw","spp.nw",683188.161,191917.552,1,1,1,0,"status: 1",NA,NA,NA
"LP440","sppw","spp.nw",683187.943,191917.806,1,1,0,0,"status: 1",NA,NA,NA
"LP441","sppw","spp.nw",683187.62,191917.922,1,1,1,0,"status: 1",NA,NA,NA
"LP442","sppw","spp.nw",683185.569,191921.112,2,1,1,0,"status: 2",NA,NA,NA
"LP443","sppw","spp.nw",683183.329,191922.798,1,1,1,0,"status: 1",NA,NA,NA
"LP444","sppw","spp.nw",683187.825,191923.007,1,1,1,0,"status: 1",NA,NA,NA
"LP445","sppw","spp.nw",683152.656,191936.237,1,1,0,0,"status: 1",NA,NA,NA
"LP446","sppw","spp.nw",683157.015,191972.969,1,1,0,0,"status: 1",NA,NA,NA
"LP447","sppw","spp.nw",683120.58,192004.234,3,0,0,2,"status: 3",2,648,59
"LP448","sppw","spp.nw",683127.049,191979.911,3,1,1,0,"status: 3",NA,NA,NA
"LP449","sppw","spp.nw",683139.422,191927.885,1,0,0,0,"status: 1",NA,NA,NA
"LP450","sppw","spp.nw",683135.689,191919.888,1,0,0,0,"status: 1",NA,NA,NA
"LP451","sppw","spp.nw",683111.349,191910.648,1,1,1,0,"status: 1",NA,NA,NA
"LP452","sppw","spp.nw",683112.042,191910.527,1,1,0,0,"status: 1",NA,NA,NA
"LP453","sppw","spp.nw",683111.991,191907.37,1,1,1,0,"status: 1",NA,NA,NA
"LP454","sppw","spp.nw",683111.23,191911.919,1,0,0,0,"status: 1",NA,NA,NA
"LP455","sppw","spp.nw",683121.295,191914.6,1,0,0,0,"status: 1",NA,NA,NA
"LP456","sppw","spp.nw",683122.814,191917.142,1,1,1,0,"status: 1",NA,NA,NA
"LP457","sppw","spp.nw",683121.582,191926.866,1,1,1,0,"status: 1",NA,NA,NA
"LP458","sppw","spp.nw",683126.045,191922.292,1,1,1,0,"status: 1",NA,NA,NA
"LP459","sppw","spp.nw",683143.288,191910.785,1,1,1,0,"status: 1",NA,NA,NA
"LP460","sppw","spp.nw",683143.512,191910.705,1,1,1,0,"status: 1",NA,NA,NA
"LP461","sppw","spp.nw",683146.123,191915.649,1,1,1,0,"status: 1",NA,NA,NA
"LP462","sppw","spp.nw",683156.689,191915.728,1,1,1,0,"status: 1",NA,NA,NA
"LP463","sppw","spp.nw",683168.814,191910.005,1,0,0,0,"status: 1",NA,NA,NA
"LP464","sppw","spp.nw",683168.318,191909.202,1,1,0,0,"status: 1",NA,NA,NA
"LP465","sppw","spp.nw",683169.978,191906.412,1,1,1,0,"status: 1",NA,NA,NA
"LP466","sppw","spp.nw",683171.589,191906.636,1,1,1,0,"status: 1",NA,NA,NA
"LP467","sppw","spp.nw",683174.945,191903.602,1,1,0,0,"status: 1",NA,NA,NA
"LP468","sppw","spp.nw",683163.365,191897.321,1,1,0,0,"status: 1",NA,NA,NA
"LP469","sppw","spp.nw",683163.19,191890.523,1,1,1,0,"status: 1",NA,NA,NA
"LP470","sppw","spp.nw",683153.732,191886.235,1,1,1,0,"status: 1",NA,NA,NA
"LP471","sppw","spp.nw",683150.986,191904.937,1,1,1,0,"status: 1",NA,NA,NA
"LP472","sppw","spp.nw",683146.785,191906.581,1,1,1,0,"status: 1",NA,NA,NA
"LP473","sppw","spp.nw",683145.571,191906.682,1,1,0,0,"status: 1",NA,NA,NA
"LP474","sppw","spp.nw",683143.481,191904.042,1,1,0,0,"status: 1",NA,NA,NA
"LP475","sppw","spp.nw",683138.214,191902.553,1,1,1,0,"status: 1",NA,NA,NA
"LP476","sppw","spp.nw",683137.788,191907.701,1,1,1,0,"status: 1",NA,NA,NA
"LP477","sppw","spp.nw",683136.48,191908.17,1,1,1,0,"status: 1",NA,NA,NA
"LP478","sppw","spp.nw",683130.306,191902.336,1,1,0,0,"status: 1",NA,NA,NA
"LP479","sppw","spp.nw",683127.276,191900.963,1,1,0,0,"status: 1",NA,NA,NA
"LP480","sppw","spp.nw",683127.655,191897.607,1,0,0,0,"status: 1",NA,NA,NA
"LP481","sppw","spp.nw",683127.889,191893.603,1,0,0,0,"status: 1",NA,NA,NA
"LP482","sppw","spp.nw",683115.383,191888.415,1,1,1,0,"status: 1",NA,NA,NA
"LP483","sppw","spp.nw",683126.881,191887.124,1,1,1,0,"status: 1",NA,NA,NA
"LP484","sppw","spp.nw",683130.64,191888.371,1,1,1,0,"status: 1",NA,NA,NA
"LP485","sppw","spp.nw",683130.366,191887.127,1,1,1,0,"status: 1",NA,NA,NA
"LP486","sppw","spp.nw",683134.5,191889.722,1,1,1,0,"status: 1",NA,NA,NA
"LP487","sppw","spp.nw",683136.778,191886.592,1,1,0,0,"status: 1",NA,NA,NA
"LP488","sppw","spp.nw",683137.151,191885.341,1,1,0,0,"status: 1",NA,NA,NA
"LP489","sppw","spp.nw",683137,191885.211,1,1,1,0,"status: 1",NA,NA,NA
"LP490","sppw","spp.nw",683139.289,191883.844,1,1,1,0,"status: 1",NA,NA,NA
"LP491","sppw","spp.nw",683141.437,191888.019,1,1,0,0,"status: 1",NA,NA,NA
"LP492","sppw","spp.nw",683140.894,191883.999,1,1,1,0,"status: 1",NA,NA,NA
"LP493","sppw","spp.nw",683143.48,191888.309,1,1,1,0,"status: 1",NA,NA,NA
"LP494","sppw","spp.nw",683145.782,191892.185,1,0,0,0,"status: 1",NA,NA,NA
"LP495","sppw","spp.nw",683144.698,191894.099,1,1,0,0,"status: 1",NA,NA,NA
"LP496","sppw","spp.nw",683142.746,191894.253,2,1,1,0,"status: 2",NA,NA,NA
"LP497","sppw","spp.nw",683140.015,191895.818,1,1,1,0,"status: 1",NA,NA,NA
"LP498","sppw","spp.nw",683139.594,191896.053,1,1,1,0,"status: 1",NA,NA,NA
"LP499","sppw","spp.nw",683138.604,191895.291,1,1,0,0,"status: 1",NA,NA,NA
"LP500","sppw","spp.nw",683141.04,191842.049,1,1,1,0,"status: 1",NA,NA,NA
"LP501","sppw","spp.nw",683139.953,191837.919,1,1,1,0,"status: 1",NA,NA,NA
"LP502","sppw","spp.nw",683143.892,191833.998,1,1,1,0,"status: 1",NA,NA,NA
"LP503","sppw","spp.nw",683144.27,191833.456,1,0,0,0,"status: 1",NA,NA,NA
"LP504","sppw","spp.nw",683133.693,191816.4,1,1,1,0,"status: 1",NA,NA,NA
"LP505","sppw","spp.nw",683132.878,191812.432,1,0,0,1,"status: 1",1,213,77
"LP506","sppw","spp.sw",683113.259,191592.295,1,0,0,1,"status: 1",NA,NA,NA
"LP507","sppw","spp.sw",683127.793,191602.442,2,0,0,1,"status: 2",1,326,119
"LP508","sppw","spp.sw",683127.758,191602.577,1,0,0,1,"status: 1",NA,NA,NA
"LP509","sppw","spp.sw",683144.625,191578.043,1,0,0,0,"status: 1",NA,NA,NA
"LP510","sppw","spp.sw",683144.98,191576.52,1,0,0,1,"status: 1",1,172,102
"LP511","sppw","spp.sw",683146.549,191566.862,1,0,0,0,"status: 1",NA,NA,NA
"LP512","sppw","spp.sw",683152.171,191563.226,3,0,0,2,"status: 3",2,753,140
"LP513","sppw","spp.sw",683172.626,191711.805,1,0,0,1,"status: 1",NA,NA,NA
"LP514","sppw","spp.sw",683176.057,191710.764,2,0,0,2,"status: 2",2,914,185
"LP515","sppw","spp.nw",683233.15,191786.822,1,1,0,0,"status: 1",NA,NA,NA
"LP516","sppw","spp.nw",683232.292,191787.528,1,0,0,0,"status: 1",NA,NA,NA
"LP517","sppw","spp.nw",683240.633,191807.151,1,1,1,0,"status: 1",NA,NA,NA
"LP518","sppw","spp.nw",683264.04,191813.052,2,0,0,0,"status: 2",NA,NA,NA
"LP519","sppw","spp.sw",683299.188,191732.107,1,0,0,1,"status: 1",1,354,43
"LP520","sppw","spp.sw",683305.641,191728.393,1,0,0,0,"status: 1",NA,NA,NA
"LP521","sppw","spp.sw",683295.628,191646.288,1,0,0,1,"status: 1",1,199,24
"LP522","sppw","spp.sw",683230.17,191656.49,1,0,0,1,"status: 1",1,333,293
"LP523","sppw","spp.sw",683367.356,191651.026,1,0,0,0,"status: 1",NA,NA,NA
"LP524","sppw","spp.sw",683446.032,191656.74,2,1,1,0,"status: 2",NA,NA,NA
"LP525","sppw","spp.sw",683445.495,191655.752,3,0,0,2,"status: 3",2,825,91
"LP526","sppw","spp.sw",683445.629,191655.507,1,0,0,1,"status: 1",1,514,340
"LP527","sppw","spp.sw",683445.697,191655.468,1,0,0,0,"status: 1",NA,NA,NA
"LP528","sppw","spp.sw",683445.898,191654.585,1,1,1,0,"status: 1",NA,NA,NA
"LP529","sppw","spp.sw",683447.53,191650.277,2,0,0,0,"status: 2",NA,NA,NA
"LP530","hegg","hegg.hill",690269.423,188361.666,1,1,1,0,"status: DG1",NA,NA,NA
"LP531","hegg","hegg.hill",690264.597,188349.302,1,1,1,0,"status: DG1",NA,NA,NA
"LP532","hegg","hegg.hill",690245.474,188347.803,1,0,0,0,"status: 1",NA,NA,NA
"LP534","hegg","hegg.hill",690245.469,188347.706,1,0,0,0,"status: 1",NA,NA,NA
"LP535","hegg","hegg.hill",690239.791,188330.21,1,1,1,0,"status: DG1",NA,NA,NA
"LP536","hegg","hegg.hill",690252.788,188322.991,1,0,0,0,"status: 1",NA,NA,NA
"LP538","hegg","hegg.hill",690278.719,188186.477,2,0,0,0,"status: 2",NA,NA,NA
"LP539","hegg","hegg.hill",690277.519,188184.85,1,1,0,0,"status: 1",NA,NA,NA
"LP540","hegg","hegg.hill",690276.449,188182.903,1,0,0,0,"status: 1",NA,NA,NA
"LP541","hegg","hegg.hill",690276.625,188179.857,1,1,1,0,"status: DG1",NA,NA,NA
"LP542","hegg","hegg.hill",690279.115,188179.585,1,0,0,0,"status: 1",NA,NA,NA
"LP543","hegg","hegg.hill",690285.403,188163.012,1,1,0,0,"status: 1",NA,NA,NA
"LP544","hegg","hegg.hill",690286.01,188162.632,1,1,1,0,"status: DG1",NA,NA,NA
"LP545","hegg","hegg.hill",690293.069,188162.846,1,1,0,0,"status: G1",NA,NA,NA
"LP546","hegg","hegg.hill",690289.873,188152.821,1,1,0,0,"status: 1",NA,NA,NA
"LP548","hegg","hegg.hill",690292.912,188153.808,1,1,0,0,"status: 1",NA,NA,NA
"LP549","hegg","hegg.hill",690292.665,188150.473,1,1,1,0,"status: DG1",NA,NA,NA
"LP550","hegg","hegg.hill",690293.737,188150.092,1,1,1,0,"status: DG1",NA,NA,NA
"LP551","hegg","hegg.hill",690290.711,188146.702,2,1,0,0,"status: 2",NA,NA,NA
"LP552","hegg","hegg.hill",690305.206,188147.97,2,0,0,0,"status: 2",NA,NA,NA
"LP553","hegg","hegg.hill",690309.962,188144.517,1,1,1,0,"status: DG1",NA,NA,NA
"LP554","hegg","hegg.hill",690307.487,188156.413,2,1,0,0,"status: 2",NA,NA,NA
"LP555","hegg","hegg.hill",690360.989,188135.927,1,1,0,0,"status: 1",NA,NA,NA
"LP556","hegg","hegg.hill",690361.35,188135.356,1,0,0,0,"status: 1",NA,NA,NA
"LP557","hegg","hegg.hill",690359.968,188148.851,1,1,0,0,"status: CG1",NA,NA,NA
"LP558","hegg","hegg.hill",690356.375,188152.054,1,1,1,0,"status: DG1",NA,NA,NA
"LP559","hegg","hegg.ne",690750.307,188567.746,1,1,0,0,"status: 1",NA,NA,NA
"LP801","beng","beng.e",690733.079,188951.832,1,1,1,0,"status: dg1",NA,NA,NA
"LP802","beng","beng.e",690732.455,188949.823,1,1,1,0,"status: dg1",NA,NA,NA
"LP803","beng","beng.e",690729.715,188949.524,1,1,0,0,"status: g1",NA,NA,NA
"LP804","beng","beng.e",690733.845,188944.599,1,1,1,0,"status: dg1",NA,NA,NA
"LP805","beng","beng.e",690730.921,188937.309,1,0,0,0,"status: 1",NA,NA,NA
"LP806","beng","beng.e",690729.75,188931.592,1,1,0,0,"status: 1",NA,NA,NA
"LP807","beng","beng.e",690738.803,188931.541,3,1,0,0,"status: cg3",NA,NA,NA
"LP810","beng","beng.hill",690659.838,188895.185,1,0,0,0,"status: 1",NA,NA,NA
"LP811","beng","beng.hill",690648.422,188898.748,1,1,1,0,"status: dg1",NA,NA,NA
"LP812","beng","beng.hill",690641.407,188905.445,1,1,1,0,"status: dg1",NA,NA,NA
"LP813","beng","beng.hill",690633.124,188895.489,1,1,0,0,"status: cg1",NA,NA,NA
"LP814","beng","beng.hill",690628.798,188900.972,1,1,0,0,"status: cg1",NA,NA,NA
"LP815","beng","beng.hill",690621.309,188919.292,1,0,0,1,"status: 1",1,214,86
"LP816","beng","beng.hill",690621.526,188919.449,1,1,1,0,"status: dg1",NA,NA,NA
"LP817","beng","beng.hill",690613.575,188915.698,1,0,0,0,"status: 1",NA,NA,NA
"LP818","beng","beng.hill",690613.893,188910.877,1,0,0,0,"status: 1",NA,NA,NA
"LP819","beng","beng.hill",690618.004,188909.796,1,0,0,0,"status: 1",NA,NA,NA
"LP820","beng","beng.hill",690610.052,188911.874,1,1,1,0,"status: dg1",NA,NA,NA
"LP821","beng","beng.hill",690610.207,188910.791,1,0,0,0,"status: 1",NA,NA,NA
"LP822","beng","beng.hill",690609.366,188909.201,1,0,0,1,"status: 1",NA,NA,NA
"LP823","beng","beng.hill",690609.281,188907.42,1,0,0,0,"status: 1",NA,NA,NA
"LP824","beng","beng.hill",690608.516,188910.065,1,0,0,1,"status: 1",1,219,32
"LP825","beng","beng.hill",690608.804,188910.638,1,0,0,0,"status: 1",NA,NA,NA
"LP826","beng","beng.hill",690608.748,188910.323,1,1,1,0,"status: dg1",NA,NA,NA
"LP828","beng","beng.hill",690604.404,188913.844,1,0,0,0,"status: 1",NA,NA,NA
"LP829","beng","beng.hill",690604.941,188914.066,1,1,1,0,"status: dg1",NA,NA,NA
"LP830","beng","beng.hill",690604.861,188914.067,1,1,1,0,"status: dg1",NA,NA,NA
"LP831","beng","beng.hill",690605.25,188906.765,1,0,0,0,"status: 1",NA,NA,NA
"LP832","beng","beng.hill",690606.704,188905.958,1,1,1,0,"status: dg1",NA,NA,NA
"LP833","beng","beng.hill",690612.612,188895.227,1,0,0,0,"status: 1",NA,NA,NA
"LP834","beng","beng.hill",690609.353,188875.739,1,1,1,0,"status: dg1",NA,NA,NA
"LP835","beng","beng.hill",690608.272,188870.888,1,1,1,0,"status: dg1",NA,NA,NA
"LP836","beng","beng.hill",690608.417,188870.743,1,1,1,0,"status: dg1",NA,NA,NA
"LP837","beng","beng.hill",690604.052,188865.321,1,0,0,0,"status: 1",NA,NA,NA
"LP838","beng","beng.hill",690589.821,188855.09,1,0,0,0,"status: 1",NA,NA,NA
"LP839","beng","beng.hill",690578.977,188841.279,1,0,0,1,"status: 1",NA,NA,NA
"LP840","beng","beng.hill",690579.034,188840.307,1,0,0,0,"status: 1",NA,NA,NA
"LP841","beng","beng.hill",690579.531,188840.588,2,1,1,0,"status: dg2",NA,NA,NA
"LP842","beng","beng.hill",690576.859,188844.859,1,1,1,0,"status: dg1",NA,NA,NA
"LP843","beng","beng.hill",690576.273,188838.558,1,0,0,1,"status: 1",1,385,236
"LP844","beng","beng.hill",690574.72,188837.869,1,1,1,0,"status: dg1",NA,NA,NA
"LP845","beng","beng.hill",690574.347,188839.398,1,1,1,0,"status: dg1",NA,NA,NA
"LP846","beng","beng.hill",690573.953,188839.778,1,1,0,0,"status: 1",NA,NA,NA
"LP847","beng","beng.hill",690574.165,188839.662,1,1,1,0,"status: dg1",NA,NA,NA
"LP849","beng","beng.hill",690570.04,188821.922,1,1,1,0,"status: dg1",NA,NA,NA
"LP850","beng","beng.hill",690566.283,188811.278,1,1,1,0,"status: dg1",NA,NA,NA
"LP851","beng","beng.hill",690566.725,188824.916,1,0,0,0,"status: 1",NA,NA,NA
"LP852","beng","beng.hill",690575.242,188840.033,1,0,0,0,"status: 1",NA,NA,NA
"LP853","beng","beng.hill",690588.647,188855.316,1,1,0,0,"status: 1",NA,NA,NA
"LP854","beng","beng.hill",690617.333,188864.782,1,0,0,1,"status: 1",1,195,73
"LP855","beng","beng.hill",690619.412,188858.77,1,0,0,0,"status: 1",NA,NA,NA
"LP856","beng","beng.hill",690625.739,188854.383,1,1,1,0,"status: dg1",NA,NA,NA
"LP857","beng","beng.hill",690606.004,188917.092,1,0,0,0,"status: 1",NA,NA,NA
"LP858","beng","beng.hill",690599.029,188908.04,1,1,1,0,"status: DG1",NA,NA,NA
"LP859","beng","beng.hill",690596.697,188907.633,1,0,0,0,"status: 1",NA,NA,NA
"LP860","beng","beng.hill",690596.018,188906.853,1,1,1,0,"status: DG1",NA,NA,NA
"LP861","beng","beng.hill",690596.33,188906.449,1,0,0,0,"status: 1",NA,NA,NA
"LP862","beng","beng.hill",690599.706,188907.096,1,1,1,0,"status: DG1",NA,NA,NA
"LP863","beng","beng.hill",690600.708,188906.883,1,1,1,0,"status: DG1",NA,NA,NA
"LP864","beng","beng.hill",690601.01,188905.149,1,1,0,0,"status: CG1",NA,NA,NA
"LP865","beng","beng.hill",690601.185,188905.356,1,0,0,0,"status: 1",NA,NA,NA
"LP866","beng","beng.hill",690601.703,188907.054,1,1,1,0,"status: DG1",NA,NA,NA
"LP867","beng","beng.hill",690602.441,188905.827,1,0,0,1,"status: 1",1,305,49
"LP868","beng","beng.hill",690602.594,188904.877,1,1,1,0,"status: DG1",NA,NA,NA
"LP869","beng","beng.hill",690605.111,188903.417,1,0,0,1,"status: 1",1,255,76
"LP870","beng","beng.hill",690606.224,188902.047,1,1,1,0,"status: DG1",NA,NA,NA
"LP871","beng","beng.hill",690607.615,188902.45,1,1,1,0,"status: DG1",NA,NA,NA
"LP872","beng","beng.hill",690606.438,188903.913,1,1,1,0,"status: DG1",NA,NA,NA
"LP873","beng","beng.hill",690605.461,188899.366,1,1,1,0,"status: DG1",NA,NA,NA
"LP874","beng","beng.hill",690601.842,188894.691,1,0,0,1,"status: 1",1,259,26
"LP875","beng","beng.hill",690596.458,188896.286,1,0,0,1,"status: 1",1,288,24
"LP876","beng","beng.hill",690601.214,188892.706,1,0,0,1,"status: 1",1,391,73
"LP877","beng","beng.hill",690601.514,188892.522,1,1,1,0,"status: DG1",NA,NA,NA
"LP878","beng","beng.hill",690604.012,188892.3,1,0,0,0,"status: 1",NA,NA,NA
"LP879","beng","beng.hill",690606.277,188892.074,1,0,0,0,"status: 1",NA,NA,NA
"LP880","beng","beng.hill",690608.176,188892.609,1,0,0,0,"status: 1",NA,NA,NA
"LP881","beng","beng.hill",690608.814,188891.907,1,0,0,0,"status: 1",NA,NA,NA
"LP882","beng","beng.hill",690612.779,188888.433,0,1,0,0,"status: A1",NA,NA,NA
"LP883","beng","beng.hill",690613.858,188885.18,1,0,0,0,"status: 1",NA,NA,NA
"LP884","beng","beng.hill",690618.158,188887.899,2,0,0,0,"status: 2",NA,NA,NA
"LP885","beng","beng.hill",690610.246,188881.977,1,1,0,0,"status: 1",NA,NA,NA
"LP886","beng","beng.hill",690606.339,188885.715,1,1,1,0,"status: DG1",NA,NA,NA
"LP887","beng","beng.hill",690605.172,188893.563,1,0,0,0,"status: 1",NA,NA,NA
"LP888","beng","beng.hill",690604.031,188892.254,1,0,0,0,"status: 1",NA,NA,NA
"LP889","beng","beng.hill",690594.332,188886.137,1,1,0,0,"status: CG1",NA,NA,NA
"LP890","beng","beng.hill",690594.57,188886.428,1,0,0,0,"status: 1",NA,NA,NA
"LP891","beng","beng.hill",690594.115,188886.985,1,1,0,0,"status: 1",NA,NA,NA
"LP892","beng","beng.hill",690593.68,188885.39,1,1,1,0,"status: DG1",NA,NA,NA
"LP893","beng","beng.hill",690591.862,188889.33,1,0,0,1,"status: 1",1,192,64
"LP894","beng","beng.hill",690587.627,188893.355,1,0,0,1,"status: 1",1,181,22
"LP895","beng","beng.hill",690588.236,188886.67,1,0,0,0,"status: 1",NA,NA,NA
"LP896","beng","beng.hill",690588.212,188886.163,1,0,0,0,"status: 1",NA,NA,NA
"LP897","beng","beng.hill",690584.036,188880.717,1,0,0,0,"status: 1",NA,NA,NA
"LP898","beng","beng.hill",690583.857,188878.359,1,0,0,0,"status: 1",NA,NA,NA
"LP899","beng","beng.hill",690584.141,188877.283,1,1,1,0,"status: DG1",NA,NA,NA
"LP900","beng","beng.hill",690585.984,188875.288,1,0,0,0,"status: 1",NA,NA,NA
"LP901","beng","beng.hill",690590.196,188875.512,1,0,0,0,"status: 1",NA,NA,NA
"LP903","beng","beng.hill",690591.093,188875.783,1,0,0,0,"status: 1",NA,NA,NA
"LP904","beng","beng.hill",690590.924,188878.929,1,1,0,0,"status: 1",NA,NA,NA
"LP905","beng","beng.hill",690595.162,188878.249,1,0,0,0,"status: 1",NA,NA,NA
"LP906","beng","beng.hill",690599.896,188872.272,1,0,0,0,"status: 1",NA,NA,NA
"LP907","beng","beng.hill",690600.404,188872.698,1,1,0,0,"status: CG1",NA,NA,NA
"LP908","beng","beng.hill",690600.71,188871.708,1,0,0,1,"status: 1",NA,NA,NA
"LP909","beng","beng.hill",690601.221,188869.465,1,0,0,0,"status: 1",NA,NA,NA
"LP910","beng","beng.hill",690598.555,188869.589,1,1,1,0,"status: DG1",NA,NA,NA
"LP911","beng","beng.hill",690603.603,188870.464,0,1,0,0,"status: A1",NA,NA,NA
"LP912","beng","beng.hill",690605.567,188869.933,1,1,0,0,"status: 1",NA,NA,NA
"LP913","beng","beng.hill",690608.135,188870.42,0,1,0,0,"status: A1",NA,NA,NA
"LP914","beng","beng.hill",690593.023,188864.083,1,1,1,0,"status: DG1",NA,NA,NA
"LP915","beng","beng.hill",690589.587,188865.589,1,0,0,1,"status: 1",1,350,107
"LP916","beng","beng.hill",690588.673,188866.026,1,0,0,0,"status: 1",NA,NA,NA
"LP917","beng","beng.hill",690588.863,188866.752,1,0,0,0,"status: 1",NA,NA,NA
"LP918","beng","beng.hill",690584.639,188869.652,1,0,0,0,"status: 1",NA,NA,NA
"LP919","beng","beng.hill",690582.551,188867.495,1,0,0,0,"status: 1",NA,NA,NA
"LP920","beng","beng.hill",690583.323,188865.274,1,1,1,0,"status: DG1",NA,NA,NA
"LP921","beng","beng.hill",690584.155,188861.222,2,0,0,0,"status: 2",NA,NA,NA
"LP922","beng","beng.hill",690584.608,188860.325,1,1,0,0,"status: G1",NA,NA,NA
"LP923","beng","beng.hill",690586.011,188859.863,1,1,0,0,"status: 1",NA,NA,NA
"LP924","beng","beng.hill",690586.739,188861.039,1,0,0,0,"status: 1",NA,NA,NA
"LP925","beng","beng.hill",690588.326,188861.519,1,0,0,0,"status: 1",NA,NA,NA
"LP926","beng","beng.hill",690588.342,188861.414,1,0,0,0,"status: 1",NA,NA,NA
"LP927","beng","beng.hill",690587.451,188858.706,1,1,1,0,"status: DG1",NA,NA,NA
"LP928","beng","beng.hill",690587.542,188857.894,1,1,1,0,"status: DG1",NA,NA,NA
"LP929","beng","beng.hill",690586.647,188858.551,1,0,0,0,"status: 1",NA,NA,NA
"LP930","beng","beng.hill",690586.733,188858.672,1,1,1,0,"status: DG1",NA,NA,NA
"LP931","beng","beng.hill",690585.347,188856.149,2,0,0,0,"status: 2",NA,NA,NA
"LP932","beng","beng.hill",690580.938,188855.716,1,0,0,0,"status: 1",NA,NA,NA
"LP933","beng","beng.hill",690582.119,188854.672,1,1,0,0,"status: 1",NA,NA,NA
"LP934","beng","beng.hill",690581.285,188853.822,1,0,0,1,"status: 1",1,171,41
"LP935","beng","beng.hill",690582.497,188853.325,1,0,0,0,"status: 1",NA,NA,NA
"LP936","beng","beng.hill",690580.162,188852.646,1,1,1,0,"status: DG1",NA,NA,NA
"LP937","beng","beng.hill",690578.429,188852.436,1,0,0,0,"status: 1",NA,NA,NA
"LP938","beng","beng.hill",690574.186,188854.908,1,1,1,0,"status: DG1",NA,NA,NA
"LP939","beng","beng.hill",690573.338,188855.666,1,0,0,0,"status: 1",NA,NA,NA
"LP940","beng","beng.hill",690570.907,188855.252,1,1,1,0,"status: DG1",NA,NA,NA
"LP941","beng","beng.hill",690566.331,188854.642,1,1,0,0,"status: 1",NA,NA,NA
"LP942","beng","beng.hill",690564.76,188856.967,1,0,0,0,"status: 1",NA,NA,NA
"LP943","beng","beng.hill",690554.961,188849.558,1,0,0,0,"status: 1",NA,NA,NA
"LP944","beng","beng.hill",690554.547,188831.69,1,0,0,1,"status: 1",1,358,47
"LP945","beng","beng.hill",690552.458,188828.041,1,1,1,0,"status: DG1",NA,NA,NA
"LP946","beng","beng.hill",690552.512,188827.894,1,0,0,0,"status: 1",NA,NA,NA
"LP947","beng","beng.hill",690556.61,188809.846,1,0,0,0,"status: 1",NA,NA,NA
"LP948","beng","beng.hill",690564.122,188802.828,1,0,0,0,"status: 1",NA,NA,NA
"LP949","beng","beng.hill",690567.615,188801.141,1,0,0,0,"status: 1",NA,NA,NA
"LP950","beng","beng.hill",690563.698,188800.18,1,0,0,0,"status: 1",NA,NA,NA
"LP951","beng","beng.hill",690559.623,188794.793,1,1,1,0,"status: DG1",NA,NA,NA
"LP952","beng","beng.hill",690554.126,188776.339,1,0,0,0,"status: 1",NA,NA,NA
"LP953","beng","beng.hill",690553.271,188774.206,1,0,0,0,"status: 1",NA,NA,NA
"LP954","beng","beng.hill",690557.568,188790.993,1,1,1,0,"status: DG1",NA,NA,NA
"LP955","beng","beng.hill",690568.464,188803.199,1,0,0,0,"status: 1",NA,NA,NA
"LP956","beng","beng.hill",690572.221,188842.911,1,0,0,1,"status: 1",1,290,45
"LP957","beng","beng.hill",690572.927,188842.281,1,1,1,0,"status: DG1",NA,NA,NA
"LP958","beng","beng.hill",690574.164,188841.998,1,0,0,0,"status: 1",NA,NA,NA
"LP959","beng","beng.hill",690574.816,188842.39,1,0,0,0,"status: 1",NA,NA,NA
"LP960","beng","beng.hill",690573.889,188842.76,1,0,0,0,"status: 1",NA,NA,NA
"LP961","beng","beng.hill",690576.863,188847.235,1,0,0,0,"status: 1",NA,NA,NA
"LP962","beng","beng.hill",690571.888,188847.515,1,0,0,0,"status: 1",NA,NA,NA
"LP963","beng","beng.hill",690571.364,188850.384,1,0,0,0,"status: 1",NA,NA,NA
"LP964","beng","beng.hill",690571.858,188851.001,1,1,1,0,"status: DG1",NA,NA,NA
"LP965","beng","beng.hill",690569.475,188848.316,1,1,0,0,"status: CG1",NA,NA,NA
"LP966","beng","beng.hill",690568.744,188846.36,1,1,1,0,"status: DG1",NA,NA,NA
"LP967","beng","beng.hill",690569.268,188845.185,1,1,1,0,"status: DG1",NA,NA,NA
"LP968","beng","beng.hill",690570.015,188845.36,1,0,0,0,"status: 1",NA,NA,NA
"LP969","beng","beng.hill",690569.892,188845.886,2,1,1,0,"status: DG2",NA,NA,NA
"LP970","beng","beng.hill",690620.325,188859.047,1,1,1,0,"status: DG1",NA,NA,NA
"LP971","beng","beng.hill",690621.007,188858.565,1,0,0,0,"status: 1",NA,NA,NA
"LP972","beng","beng.hill",690621.458,188858.306,2,1,1,0,"status: DG2",NA,NA,NA
"LP973","beng","beng.hill",690622.12,188858.305,1,0,0,0,"status: 1",NA,NA,NA
"LP975","beng","beng.hill",690623.221,188858.537,1,0,0,0,"status: 1",NA,NA,NA
"LP976","beng","beng.hill",690626.466,188854.893,1,0,0,1,"status: 1",1,303,81
"LP977","beng","beng.hill",690637.241,188853.729,1,0,0,0,"status: 1",NA,NA,NA
"LP978","beng","beng.hill",690638.349,188854.95,1,0,0,0,"status: 1",NA,NA,NA
"LP979","beng","beng.hill",690639.489,188857.602,1,0,0,1,"status: 1",1,377,246
"LP980","beng","beng.hill",690639.727,188862.198,2,1,1,0,"status: DG2",NA,NA,NA
"LP981","beng","beng.hill",690638.708,188866.679,2,1,0,0,"status: 2",NA,NA,NA
"LP982","beng","beng.hill",690640.593,188870.474,1,0,0,0,"status: 1",NA,NA,NA
"LP983","beng","beng.hill",690636.238,188861.539,1,1,1,0,"status: DG1",NA,NA,NA
"LP984","beng","beng.hill",690636.656,188861.023,1,0,0,1,"status: 1",1,421,269
"LP985","beng","beng.hill",690638.023,188861.825,1,1,0,0,"status: 1A1",NA,NA,NA
"LP986","beng","beng.hill",690638.308,188860.698,1,1,0,0,"status: 1",NA,NA,NA
"LP988","beng","beng.hill",690625.83,188861.123,1,0,0,0,"status: 1",NA,NA,NA
"LP989","beng","beng.hill",690626.248,188862.72,2,1,1,0,"status: DG2",NA,NA,NA
"LP990","beng","beng.hill",690626.871,188862.881,1,0,0,0,"status: 1",NA,NA,NA
"LP991","beng","beng.hill",690627.842,188863.238,1,1,1,0,"status: DG1",NA,NA,NA
"LP992","beng","beng.hill",690629.391,188864.055,2,1,1,0,"status: DG2",NA,NA,NA
"LP993","beng","beng.hill",690632.483,188866.703,1,1,1,0,"status: DG1",NA,NA,NA
"LP994","beng","beng.hill",690628.416,188870.927,1,1,1,0,"status: DG1",NA,NA,NA
"LP995","beng","beng.hill",690627.598,188869.893,1,0,0,0,"status: 1",NA,NA,NA
"LP996","beng","beng.hill",690626.005,188865.773,3,0,0,0,"status: 3",NA,NA,NA
"LP997","beng","beng.hill",690624.577,188866.574,1,0,0,0,"status: 1",NA,NA,NA
"LP998","beng","beng.hill",690622.985,188864.15,3,0,0,0,"status: 3",NA,NA,NA
"LP999","beng","beng.hill",690620.598,188864.103,1,0,0,0,"status: 1",NA,NA,NA
